result,comment
good,キャラクターたちの感情的な旅路が感動的で、心に残りました。
bad,キャラクターたちの関係が浅く、深みがありませんでした。
good,キャラクターたちの成長が感動的で、彼らの旅に共感しました。
good,キャラクターたちの成長と絆が感動的で、深い感情を呼び覚ました。
bad,キャラクターたちの成長と絆が不明瞭で、感情が伝わりませんでした。
bad,キャラクターたちの発展が浅く、物語は混沌としていました。
good,キャラクターのダイナミクスが興味深く、物語を豊かにしました。
good,キャラクターの成長と変化がストーリーに深みをもたらしました。
bad,キャラクターは浅く、感情の欠如が映画を台無しにしました。
bad,最初から最後まで盛り上がりがなく退屈でした。
bad,笑いも涙もなく、感情を呼び覚ます要素が欠けていました。
good,メッセージは深い感銘を与え、考えさせられました。
bad,つまらなかった。ストーリーが退屈で、期待はずれでした。
bad,つまらなかった。ストーリーは退屈で、演技も平凡でした。
bad,つまらなかった。退屈で、期待が外れました。
good,まさに心の洗濯。感動と希望に包まれた素晴らしい時間でした。
good,家族向けで、楽しい時間を提供してくれました。
bad,家族向けではなく、不適切でした。
good,家族全員で楽しめる作品で、素晴らしいひとときでした。
bad,感動や深さを提供せず、退屈な時間で、ストーリーの理解が難しく、出演者の演技も平凡で、視覚効果が不満足で、キャラクターたちは魅力に欠けました。
bad,感動もしないし、期待していた笑いもなかった。ストーリーが混沌とし、出演者の演技も平凡で、視覚効果が期待を大きく下回り、キャラクターたちは魅力に欠けました。
good,感動的で、心に残るメッセージがありました。
bad,期待を大きく下回り、つまらない時間でした。ストーリーが混乱し、感動的な瞬間が皆無で、出演者の演技も平凡で、キャラクターたちは魅力に欠けました。
bad,単調なストーリーで考えさせられる要素がなく、退屈でした。
good,思考実験として楽しむことができ、深いテーマが含まれています。
good,笑いあり、涙ありの感動的な瞬間が詰まっていました。
good,笑いと感動の絶妙な組み合わせで、楽しいひとときを提供してくれました。
bad,笑いも涙もなく、感情を呼び覚ます要素が欠如していました。
good,心に響く哲学的要素を含み、深い洞察をもたらしました。
good,深い哲学的なテーマを扱っていて、考えさせられました。
good,素晴らしかった！素晴らしい演技と緻密なプロットで、感動的な映画体験でした。
good,大人も子供も楽しめる娯楽作品で、家族で楽しんだ。
bad,ストーリーが大人向けで、子供と一緒に見に行くには向かないと思います。
bad,不適切で、家族向けの映画ではありませんでした。
good,予想を超える楽しさで、驚きました。
bad,ストーリーの緊張感がなく、物語は退屈でした。
good,ストーリーの複雑さとミステリーが引き込まれるもので、見逃せませんでした。
good,ストーリーの複雑さと展開は見事で、引き込まれました。
good,ストーリーの緻密さと緊張感が楽しいサスペンスを提供してくれました。
good,映画のビジュアルは驚くほど美しく、視覚的な楽しみがありました。
good,映画のメッセージが非常に力強く、考えさせられました。
bad,映画のメッセージが不明確で、深さが足りませんでした。
bad,映画のユーモアが不適切で、笑えませんでした。
good,映画のユーモアが魅力的で、笑いっぱなしでした。
good,映画の視覚効果は圧倒的で、ストーリーは緊張感に満ちていました。
good,映画の美しい映像と音楽が魅了し、心に残りました。
bad,映画はがっかりの時間で、ストーリーが混乱していました。出演者たちの演技も平凡で、キャラクターたちは感情移入が難しかった。視覚効果が期待外れで、感動的な瞬間が皆無でした。
bad,映画は混乱しており、ストーリーが意味不明でした。
bad,映画は退屈で、ストーリーが理解しにくかった。視覚効果も劣り、感動的な瞬間がなく、出演者の演技が平凡で、キャラクターたちは感情移入が難しかった。
bad,音楽が映画に合っておらず、不快でした。
bad,音楽が映画に合わず、違和感がありました。
bad,音楽が映画に合わず、不快でした。
good,音楽が映画の雰囲気をより素晴らしくしました。
good,音楽が映画の雰囲気を一層引き立て、印象的でした。
bad,感情の瞬間がなく、映画は冷たくて感動しづらかった。
good,感情的な瞬間がたくさんあり、心に響きました。
good,感情的な深さとキャラクターの発展が素晴らしい映画でした。
bad,感動的な瞬間がなく、映画は冷たく、感動しづらかった。
good,感動的な瞬間が多く、感情を呼び覚ましました。
good,驚きの展開と心に残るストーリーで、楽しいひとときでした。
bad,視覚効果が期待外れで、映画はがっかりの作品で、ストーリーが混乱し、感動的な瞬間が皆無で、出演者の演技が平凡で、キャラクターたちは感情移入が難しかった。
good,視覚効果が驚くべきもので、映画体験を向上させました。
bad,視覚効果が不十分で、映画体験ががっかりでした。
bad,視覚効果が不満足で、映画体験はがっかりで、ストーリーの展開が不明瞭で、感動がなかった。出演者たちの演技は平凡で、キャラクターたちは深みに欠けました。
bad,視覚効果が物足りなく、映画体験はがっかりでした。
bad,視覚効果が劣っており、映画体験が楽しめませんでした。
bad,視覚効果が劣り、ストーリーはつまらなかった。映画全体に失望しました。
bad,視覚効果が劣り、映画体験が楽しみに欠けました。
good,視覚効果は驚くほどリアルで、映画体騗を高めました。
good,出演者たちの演技は心に残り、キャラクターたちが生き生きと描かれていました。
bad,出演者たちは演技が不調で、キャラクターたちは魅力に欠けました。
good,出演者たちは見事な演技を披露し、キャラクターたちを生かしました。
good,出演者たちは素晴らしい演技を披露し、キャラクターを生かしました。
good,出演者の演技が印象的で、キャラクターたちは本当に魅力的でした。
good,出演者の演技が印象的で、ストーリーは心に残ります。必見の映画です！
bad,出演者の演技が期待を裏切り、ストーリーは混乱していました。時間の無駄でした。
bad,出演者の演技が平凡で、キャラクターたちは魅力に欠けました。
good,笑いあり、涙あり、そしてワクワク感がたっぷり。最高のエンターテインメントでした。
bad,予想外の展開が不明瞭で、理解しづらかった。
bad,予想外の展開が分かりにくく、理解しにくかった。
bad,ストーリーが予測可能で、驚きが全くありませんでした。
good,映像が美しく、その場にいるかのような感覚にさせてくれました。
bad,演出が単調で、視聴者を引き込む要素が足りなかった。
good,役者の演技が素晴らしく、感情移入しやすかったです。
good,サウンドトラックが映画の雰囲気にぴったりで、感動を倍増させました。
bad,対話が自然でなく、キャラクターの魅力を損ねていました。
good,プロットのひねりが効いており、思わず息をのむ展開がありました。
bad,特殊効果が過剰で、物語の本質から注意が逸れてしまった。
good,背景の詳細が丁寧に描かれており、世界観が非常にリアルでした。
bad,終盤の解決があまりにも急で、満足のいく結末とは言えませんでした。
good,脚本が巧妙で、小さなディテールにも意味が込められていました。
bad,キャラクターの開発が不十分で、彼らに感情移入できませんでした。
good,緊張感あふれるシーンが多く、画面から目が離せませんでした。
bad,予算が多くかかった割には内容が薄く、物足りなさを感じました。
good,主人公の内面の葛藤がリアルに描かれており、深く考えさせられる作品でした。
bad,ユーモアが強引で自然さを欠いており、笑える場面が少なかった。
good,映画全体を通じて一貫性があり、非常によく練られたストーリーでした。
bad,映画のペースが遅すぎて、退屈でしかありませんでした。
good,映画の世界観とテーマが見事に結びついており、心に残る作品です。
bad,クライマックスが予測可能で、何の驚きもなかった。
good,役者たちの化学反応が完璧で、各シーンが生き生きとしていました。
good,監督の視点が独特で、新鮮な視覚体験を提供してくれました。
good,物語の深さと複雑さが絶妙で、何度も見返したくなる作品です。
good,サスペンスが絶妙に維持され、最後まで手に汗握る展開でした。
bad,ダイアログが強引で、シーンの流れが不自然に感じられました。
bad,映画のテンポが不均一で、ストーリーに没入することが難しかった。
bad,ビジュアルエフェクトが過度に用いられ、物語の本質を損なっていました。
bad,結末が唐突で、全体のストーリーに満足できる締めくくりが得られなかった。
good,この映画のカラーパレットが非常に印象的で、情緒豊かな視覚体験を提供しています。
good,脚本の洗練さが際立っており、登場人物の心情が巧みに表現されています。
good,歴史的背景が丁寧に織り込まれており、教育的な価値も感じられる作品です。
good,スタントの質が高く、アクションシーンがリアルで迫力がありました。
good,サブテキストが豊富で、何度観ても新しい発見がある作品です。
bad,映画のテーマが曖昧で、観終わった後に何を感じるべきか理解しにくかった。
bad,音楽が場面とマッチしておらず、緊張感を損ねる原因になっていました。
bad,キャラクター間の対話が不自然で、ストーリーに没入することができませんでした。
bad,過度のプロダクトプレースメントが映画の雰囲気を乱し、ストーリーから気を散らせてしまいます。
bad,ドキュメンタリースタイルの演出がうまく機能せず、映画全体のペースが損なわれていました。
good,このドキュメンタリーは社会的問題に鋭い洞察を提供し、観る者に深い思考を促します。
good,監督の独創的なカメラワークが物語に深みを加え、視覚的にも楽しめる作品でした。
good,小道具一つ一つに意味が込められており、物語の世界観を豊かにしています。
good,非常にリズミカルな編集で、退屈することなく楽しめる映画です。
good,環境問題に焦点を当てた内容で、意識高い作品として評価できます。
bad,場面転換が唐突で、ストーリーの流れが断片的に感じられました。
bad,主要な登場人物が途中で色褪せてしまい、最後まで引っ張る力が不足していた。
bad,感動を誘う場面が意図的過ぎて、逆に冷めた感情を抱かせてしまいます。
bad,説明が多過ぎて映画としてのエンターテイメント性が損なわれていました。
bad,技術的な詳細にこだわりすぎて、物語が背後に隠れてしまう部分が多々ありました。
